nome,genero
Tim Robbins,M
Marlon Brando,M
Christian Bale,M
Al Pacino,M
Henry Fonda,M
Elijah Wood,M
John Travolta,M
Liam Neeson,M
Leonardo DiCaprio,M
Brad Pitt,M
Tom Hanks,M
Clint Eastwood,M
Lilly Wachowski,F
Robert De Niro,M
Mark Hamill,M
Jack Nicholson,M
Lin-Manuel Miranda,M
Kang-ho Song,M
Suriya,M
Matthew McConaughey,M
Kátia Lund,F
Daveigh Chase,F
Roberto Benigni,M
Morgan Freeman,M
Jodie Foster,F
Tatsuya Nakadai,M
Toshirô Mifune,M
James Stewart,M
Joaquin Phoenix,M
Miles Teller,M
Éric Toledano,M
Adrien Brody,M
Russell Crowe,M
Edward Norton,M
Kevin Spacey,M
Jean Reno,M
Rob Minkoff,M
Arnold Schwarzenegger,M
Philippe Noiret,M
Tsutomu Tatsumi,M
Michael J. Fox,M
Anthony Perkins,M
Humphrey Bogart,M
Charles Chaplin,M
Zain Al Rafeea,M
Erdem Can,M
Pushkar,M
Ryûnosuke Kamiki,M
Aamir Khan,M
Peter Ramsey,M
Joe Russo,M
Adrian Molina,M
Jamie Foxx,M
Amole Gupte,M
Ben Burtt,M
Ulrich Mühe,M
Choi Min-sik,M
Guy Pearce,M
Yôji Matsuda,M
Harrison Ford,M
Martin Sheen,M
Sigourney Weaver,F
Rajesh Khanna,M
Peter Sellers,M
Tyrone Power,M
Kirk Douglas,M
William Holden,M
Dean-Charles Chapman,M
Anand Gandhi,M
Ayushmann Khurrana,M
Mohanlal,M
Mads Mikkelsen,M
Payman Maadi,M
Lubna Azabal,F
Aras Bulut Iynemli,M
Çetin Tekindor,M
Jim Carrey,M
Audrey Tautou,F
Jason Statham,M
Ellen Burstyn,F
Robin Williams,M
Mohammad Amir Naji,M
Mel Gibson,M
Harvey Keitel,M
Matthew Modine,M
Aleksey Kravchenko,M
F. Murray Abraham,M
Jürgen Prochnow,M
Paul Newman,M
Malcolm McDowell,M
Keir Dullea,M
Peter O'Toole,M
Jack Lemmon,M
Cary Grant,M
Gene Kelly,M
Takashi Shimura,M
Lamberto Maggiorani,M
Fred MacMurray,M
Orson Welles,M
Peter Lorre,M
Brigitte Helm,F
Sushant Singh Rajput,M
Vicky Kaushal,M
Yash,M
Viggo Mortensen,M
Frances McDormand,F
Irrfan Khan,M
Prabhas,M
Carlos Martínez López,M
Ajay Devgn,M
Kangana Ranaut,F
Lembit Ulfsak,M
Farhan Akhtar,M
Manoj Bajpayee,M
Rajat Barmecha,M
Ricardo Darín,M
Tom Hardy,M
Bob Peterson,M
Shah Rukh Khan,M
Daniel Day-Lewis,M
Ivana Baquero,F
Hugo Weaving,M
Amitabh Bachchan,M
Bruno Ganz,M
Chieko Baishô,F
Akshay Kumar,M
Jason Flemyng,M
Sener Sen,M
Davor Dujmovic,M
Hitoshi Takagi,M
Bruce Willis,M
Alisa Freyndlikh,F
Ingrid Bergman,F
Anthony Quinn,M
Sanjeev Kumar,M
Terry Jones,M
Steve McQueen,M
Gregory Peck,M
Spencer Tracy,M
Marilyn Monroe,F
Victor Sjöström,M
Max von Sydow,M
Jean Servais,M
Ray Milland,M
Chishû Ryû,M
Bette Davis,F
Carole Lombard,F
Buster Keaton,M
Noémie Merlant,F
Taapsee Pannu,F
Miyu Irino,M
Mario Casas,M
Kim Min-hee,F
Anne Dorval,F
Shahid Kapoor,M
Hugh Jackman,M
Brie Larson,F
Darío Grandinetti,M
Kemp Powers,M
Haluk Bilginer,M
Paresh Rawal,M
Ralph Fiennes,M
Ben Affleck,M
Aoi Miyazaki,F
Andrew Garfield,M
Ronnie Del Carmen,M
Ranbir Kapoor,M
Chiwetel Ejiofor,M
Daniel Brühl,M
Matt Damon,M
Mark Ruffalo,M
David Rawle,M
Vidya Balan,F
Hrithik Roshan,M
Anupam Kher,M
Daniel Radcliffe,M
Masahiro Motoki,M
Richard Gere,M
Toni Collette,F
Chris Sanders,M
Emile Hirsch,M
Joel Coen,M
Sanjay Dutt,M
Hilary Swank,F
Don Cheadle,M
Jang Dong-Gun,M
Ethan Hawke,M
Uma Thurman,F
Lee Unkrich,M
Emilio Echevarría,M
David Silverman,M
Kazuya Tsurumaki,M
Tim Roth,M
Bajram Severdzan,M
Ethan Coen,M
Tony Chiu-Wai Leung,M
Ewan McGregor,M
Predrag 'Miki' Manojlovic,M
Vincent Cassel,M
Irène Jacob,F
Brigitte Lin,F
Sam Neill,M
Leslie Cheung,M
Gong Li,F
Wil Wheaton,M
Charlie Sheen,M
Harry Dean Stanton,M
Sumi Shimamoto,F
Kurt Russell,M
Bob Geldof,M
Klaus Kinski,M
Bertil Guve,M
Anthony Hopkins,M
Graham Chapman,M
Sylvester Stallone,M
Faye Dunaway,F
Ryan O'Neal,M
Margarita Terekhova,F
Harriet Andersson,F
Natalya Bondarchuk,F
Alain Delon,M
Bibi Andersson,F
Anatoliy Solonitsyn,M
Brahim Hadjadj,M
Silvia Pinal,F
Eduard Abalov,M
Jean-Pierre Léaud,M
Charlton Heston,M
Giulietta Masina,F
Yves Montand,M
James Cagney,M
Emeric Pressburger,M
Margaret Sullavan,F
Laurence Olivier,M
George Cukor,M
Jean Gabin,M
Clark Gable,M
Maria Falconetti,F
George O'Brien,M
Werner Krauss,M
Willem Dafoe,M
Salman Khan,M
Ryan Gosling,M
Dev Patel,M
Rich Moore,M
Chloë Grace Moretz,F
Jacob Tremblay,M
Vijay Varma,M
Iko Uwais,M
Benedict Cumberbatch,M
Chris Pratt,M
Rami Malek,M
Logan Lerman,M
Wagner Moura,M
Colin Firth,M
Emma Stone,F
Ryan Reynolds,M
Golshifteh Farahani,F
Abhay Deol,M
Donnie Yen,M
Loveleen Tandan,F
Natalie Portman,F
Robert Downey Jr.,M
Marjane Satrapi,F
Will Smith,M
Seung-Yun Lee,M
Quentin Tarantino,M
Laura Obiols,F
Cem Yilmaz,M
Jan Pinkava,M
Daniel Craig,M
Vladimir Garin,M
Ki-duk Kim,M
Javier Bardem,M
Preity Zinta,F
Alan Mak,M
Johnny Depp,M
Craig T. Nelson,M
Tae-Hyun Cha,M
Nicole Kidman,F
Ömer Faruk Sorak,M
Jake Gyllenhaal,M
Tom Cruise,M
Björk,F
Richard Farnsworth,M
Junko Iwao,F
Ulrich Thomsen,M
Fernanda Montenegro,F
Eli Marienthal,M
Til Schweiger,M
Billy Bob Thornton,M
Timothy Spall,M
Atsuko Tanaka,F
Danny Elfman,M
Bill Murray,M
Damian Chapa,M
John Musker,M
Kevin Costner,M
Kirk Wise,M
Danny Aiello,M
Dustin Hoffman,M
Mitsuo Iwata,M
Cary Elwes,M
Gaspard Manesse,M
Mayumi Tanaka,F
Ben Kingsley,M
Woody Allen,M
Roy Scheider,M
Gene Wilder,M
Timothy Bottoms,M
Topol,M
Jean-Louis Trintignant,M
Mia Farrow,F
Elizabeth Taylor,F
Julie Andrews,F
Omar Sharif,M
Marcello Mastroianni,M
Anna Karina,F
John Wayne,M
Burt Lancaster,M
Sterling Hayden,M
Robert Mitchum,M
Simone Signoret,F
Vivien Leigh,F
Dennis Price,M
Celia Johnson,F
Gene Tierney,F
Myrna Loy,F
Marcel Dalio,M
William Powell,M
Lew Ayres,M
Aleksandr Antonov,M
Lily Franky,M
Adam Driver,M
Armie Hammer,M
Bryan Cranston,M
Ferdia Walsh-Peelo,M
Chris Hemsworth,M
Roman Griffin Davis,M
Amy Adams,F
Daisy Ridley,F
Patrick Stewart,M
Muhammet Uzuner,M
Jean Dujardin,M
Tahar Rahim,M
Sam Rockwell,M
Kåre Hedebrant,M
Sharlto Copley,M
Mickey Rourke,M
Ellar Coltrane,M
Anamaria Marinca,F
Chris Pine,M
Colin Farrell,M
David Lee Smith,M
Ken Watanabe,M
Lee Pace,M
Suraj Sharma,M
George Clooney,M
Michel Côté,M
Gérard Jugnot,M
Simon Pegg,M
Birol Ünel,M
Sean Penn,M
Jet Li,M
Rosario Flores,F
Branko Djuric,M
Tensai Okamura,M
Franka Potente,F
Julianne Moore,F
Billy Crudup,M
Naomi Watts,F
Ash Brannon,M
Mark Wahlberg,M
Yoko Honna,F
Rena Owen,F
Christian Slater,M
Juliette Binoche,F
Kôichi Yamadera,M
Martin Landau,M
Jonathan Pryce,M
Rob Reiner,M
Peter Billingsley,M
John Belushi,M
David Emge,M
Alejandro Jodorowsky,M
Magali Noël,F
Fernando Rey,M
Ruth Gordon,F
George C. Scott,M
Duane Jones,M
Sidney Poitier,M
Frank Sinatra,M
Gabriele Ferzetti,M
Emmanuelle Riva,F
James Dean,M
Gary Cooper,M
Farley Granger,M
Edmund Gwenn,M
William Keighley,M
Edmund Goulding,M
Ernest B. Schoedsack,M
Wallace Ford,M
Max Schreck,M
Alia Bhatt,F
Riz Ahmed,M
Shahab Hosseini,M
Fionn Whitehead,M
Giuseppe Battiston,M
Taraji P. Henson,F
Ben Whishaw,M
Charlize Theron,F
Casey Affleck,M
Roland Møller,M
Felicity Jones,F
Samuel L. Jackson,M
Saoirse Ronan,F
Hugh Welchman,M
Bill Nighy,M
Bérénice Bejo,F
Toni Servillo,M
Chris Williams,M
Domhnall Gleeson,M
Sridevi,F
Hideaki Anno,M
Geoffrey Rush,M
Jared Gilman,M
Jay Baruchel,M
Takako Matsu,F
Lee Byung-Hun,M
Won Bin,M
O'Shea Jackson Jr.,M
Hye-ja Kim,F
Kim Yoon-seok,M
Ian McKellen,M
Christian Friedel,M
Michael Nyqvist,M
Eddie Redmayne,M
Asa Butterfield,M
Glen Hansard,M
Martin Freeman,M
Baki Davrak,M
Keira Knightley,F
Denzel Washington,M
Sam Worthington,M
Jared Leto,M
Gerardo Taracena,M
Valerie Faris,F
Shôgo Furuya,M
Nathan Fillion,M
Andreas Wilson,M
Gena Rowlands,F
Gael García Bernal,M
Oksana Akinshina,F
Michèle Caucheteux,F
Lee Yeong-ae,F
Jim Caviezel,M
Yun-Fat Chow,M
Cecilia Roth,F
Vicky Jenson,F
Takeshi Kitano,M
Michael Douglas,M
Emily Watson,F
Kevin Jarre,M
Tom Guiry,M
David Thewlis,M
Boyd Kirkland,M
Winona Ryder,F
Cuba Gooding Jr.,M
James Caan,M
Kirsten Dunst,F
Matthew Broderick,M
Gene Hackman,M
Bruce Campbell,M
Tom Waits,M
Sean Astin,M
Danny Glover,M
Emilio Estevez,M
Sam Waterston,M
Sam Shepard,M
Henry Thomas,M
Sean Connery,M
Barry Bostwick,M
Edward Fox,M
Liza Minnelli,F
Audrey Hepburn,F
Warren Beatty,M
Andrew Marton,M
Jeanne Moreau,F
Deborah Kerr,F
Jean-Paul Belmondo,M
Arthur Rosson,M
Teresa Wright,F
Margaret Lockwood,F
Katharine Hepburn,F
Boris Karloff,M
Groucho Marx,M
Richard Rosson,M
Colin Clive,M
Yalitza Aparicio,F
Josh O'Connor,M
Kelsey Asbille,F
Daniel Kaluuya,M
Rolf Lassgård,M
Taika Waititi,M
Hiromasa Yonebayashi,M
Shailene Woodley,F
Thomas Mann,M
Michael Keaton,M
Léa Seydoux,F
Amit Sadh,M
Veerle Baetens,F
Bruce Dern,M
John C. Reilly,M
Jeff Bridges,M
Owen Wilson,M
Phil Lord,M
Sandra Bullock,F
Abraham Attah,M
Jesse Eisenberg,M
James McAvoy,M
Zach Galifianakis,M
Bradley Cooper,M
Zooey Deschanel,F
Cate Blanchett,F
Frank Langella,M
Megumi Hayashibara,F
Angelina Jolie,F
Madeline Carroll,F
Riisa Naka,F
Tatsuya Fujiwara,M
Thomas Turgoose,M
Alicia Vikander,F
Josh Hartnett,M
Diane Kruger,F
Sam Riley,M
Byron Howard,M
Carice van Houten,F
Stephen Chow,M
Dakota Fanning,F
Eileen Walsh,F
Paddy Considine,M
Nicolas Cage,M
Moritz Bleibtreu,M
Jamie Bell,M
John Cameron Mitchell,M
Andrew Philpot,M
James Marsden,M
Trey Parker,M
Ron Livingston,M
Jane Adams,F
Jason Schwartzman,M
Eduardo Noriega,M
John Cusack,M
Thierry Lhermitte,M
Kenneth Branagh,M
Liesel Matthews,F
Leon Lai,M
Massimo Troisi,M
Brian O'Halloran,M
Andie MacDowell,F
Michael Caine,M
Shûichirô Moriyama,M
Kathy Bates,F
Bob Hoskins,M
Bernard-Pierre Donnadieu,M
Richard E. Grant,M
John Lone,M
Isabella Rossellini,F
Griffin Dunne,M
William Shatner,M
Donald Sutherland,M
David Zucker,M
Yasuo Yamada,M
Donald Pleasence,M
Roman Polanski,M
Walter Matthau,M
Cleavon Little,M
Bruce Lee,M
Jon Voight,M
Richard Burton,M
Lee Marvin,M
Catherine Deneuve,F
Paul Scofield,M
Stanley Baker,M
Rod Taylor,M
Karlheinz Böhm,M
Yul Brynner,M
Pierre Brasseur,M
Kevin McCarthy,M
Alec Guinness,M
Michael Rennie,M
Rita Hayworth,F
Samuel Armstrong,M
Claude Rains,M
John Cho,M
Maryana Spivak,F
Brooklynn Prince,F
Michael B. Jordan,M
Chris Evans,M
Michael Schwartz,M
Laia Costa,F
Günes Sensoy,F
Ansel Elgort,M
Josh Brolin,M
Emily Blunt,F
Aleksey Serebryakov,M
Judi Dench,F
Gary Oldman,M
Jose Coronado,M
Amy Poehler,F
Lady Gaga,F
Mikael Persbrandt,M
Chris Renaud,M
Joseph Gordon-Levitt,M
Aaron Taylor-Johnson,M
Luis Tosar,M
Antonio Banderas,M
Jürgen Vogel,M
Quinton Aaron,M
Richard Jenkins,M
Charlie Cox,M
Nora Twomey,F
Marion Cotillard,F
Gerard Butler,M
Scarlett Johansson,F
Jackie Earle Haley,M
Philip Seymour Hoffman,M
Brady Corbet,M
Guillaume Canet,M
Peter Dinklage,M
J. Mackye Gruber,M
Cillian Murphy,M
Maribel Verdú,F
Jude Law,M
Barry Cook,M
Susanne Lothar,F
Rufus Sewell,M
Bill Pullman,M
Emma Thompson,F
Zbigniew Zamachowski,M
Jason London,M
Joe Pesci,M
Miki Imai,F
Jean-Pierre Jeunet,M
Macaulay Culkin,M
Billy Crystal,M
Leslie Nielsen,M
Steve Martin,M
Michael Beck,M
Jim Henson,M
John Hubley,M
Brad Davis,M
Richard Dreyfuss,M
Elliott Gould,M
Rod Steiger,M
Phil Harris,M
David Hemmings,M
John Lennon,M
Tallulah Bankhead,F
Robert Donat,M
Heath Ledger,M
Lee J. Cobb,M
Robin Wright,F
Eli Wallach,M
Keanu Reeves,M
Ray Liotta,M
Louise Fletcher,F
Phillipa Soo,F
Lee Sun-kyun,M
Madhavan,M
Anne Hathaway,F
Alexandre Rodrigues,M
Suzanne Pleshette,F
Michael Clarke Duncan,M
Nicoletta Braschi,F
Akira Ishihama,M
Donna Reed,F
J.K. Simmons,M
François Cluzet,M
Thomas Kretschmann,M
Edward Furlong,M
Gabriel Byrne,M
Linda Hamilton,F
Enzo Cannavale,M
Ayano Shiraishi,F
Christopher Lloyd,M
Charles Bronson,M
Janet Leigh,F
Paulette Goddard,F
Virginia Cherrill,F
Yordanos Shiferaw,F
Mone Kamishiraishi,F
Sakshi Tanwar,F
Rodney Rothman,M
Anthony Gonzalez,M
Christoph Waltz,M
Darsheel Safary,M
Elissa Knight,F
Martina Gedeck,F
Yoo Ji-Tae,M
Carrie-Anne Moss,F
Yuriko Ishida,F
James Woods,M
Karen Allen,F
Shelley Duvall,F
Tom Skerritt,M
Yutaka Sada,M
Marlene Dietrich,F
Ralph Meeker,M
Grace Kelly,F
Gloria Swanson,F
George MacKay,M
Adesh Prasad,M
Tabu,F
Meena,F
Thomas Bo Larsen,M
Leila Hatami,F
Mélissa Désormeaux-Poulin,F
Nisa Sofiya Aksongur,F
Fikret Kuskan,M
Kate Winslet,F
Mathieu Kassovitz,M
Annette Bening,F
Amir Farrokh Hashemian,M
Tim Allen,M
Sophie Marceau,F
R. Lee Ermey,M
Olga Mironova,F
Michael Biehn,M
Tom Hulce,M
Michelle Pfeiffer,F
Herbert Grönemeyer,M
Robert Redford,M
Patrick Magee,M
Gary Lockwood,M
Lee Van Cleef,M
Shirley MacLaine,F
Eva Marie Saint,F
Kim Novak,F
Nobuo Kaneko,M
Enzo Staiola,M
Barbara Stanwyck,F
Joseph Cotten,M
Ellen Widmann,F
Alfred Abel,M
Edna Purviance,F
Shraddha Kapoor,F
Srinidhi Shetty,F
Mahershala Ali,M
Woody Harrelson,M
Konkona Sen Sharma,F
Rana Daggubati,M
Shriya Saran,F
Rajkummar Rao,M
Elmo Nüganen,M
Sonam Kapoor,F
Richa Chadha,F
Ronit Roy,M
Mahie Gill,F
Soledad Villamil,F
Nick Nolte,M
Emily Mortimer,F
Edward Asner,M
Jonah Hill,M
Vidya Malvade,F
Paul Dano,M
Ariadna Gil,F
Soha Ali Khan,F
Rani Mukerji,F
Gayatri Joshi,F
Alexandra Maria Lara,F
Takuya Kimura,M
Ed Harris,M
Sunil Shetty,M
Dexter Fletcher,M
Ugur Yücel,M
Sharon Stone,F
Bora Todorovic,M
Noriko Hidaka,F
Alan Rickman,M
Akira Terao,M
Cathy Moriarty,F
Aleksandr Kaydanovskiy,M
Liv Ullmann,F
Irene Papas,F
Dharmendra,M
James Garner,M
John Megna,M
Eijirô Tôno,M
Tony Curtis,M
Gunnar Björnstrand,M
Carl Möhner,M
Chieko Higashiyama,F
Machiko Kyô,F
Anne Baxter,F
Walter Huston,M
Jack Benny,M
Mack Swain,M
Kathryn McGuire,F
Adèle Haenel,F
Saori Hayami,F
Ana Wagener,F
Jung-woo Ha,M
Antoine Olivier Pilon,M
María Marull,F
Melisa Sözen,F
Anushka Sharma,F
Rosamund Pike,F
Takao Osawa,M
Priyanka Chopra,F
Michael Kenneth Williams,M
Brendan Gleeson,M
Parambrata Chattopadhyay,M
Naseeruddin Shah,M
Bee Vang,M
Emma Watson,F
Ryôko Hirosue,F
Joan Allen,F
Vince Vaughn,M
Tommy Lee Jones,M
Arshad Warsi,M
Sophie Okonedo,F
Julie Delpy,F
Kim Sang-kyung,M
Saif Ali Khan,M
David Carradine,M
Albert Brooks,M
Megumi Ogata,F
Raghuvir Yadav,M
Haley Joel Osment,M
Pruitt Taylor Vince,M
Srdjan 'Zika' Todorovic,M
Maggie Cheung,F
Ewen Bremner,M
William H. Macy,M
Lazar Ristovski,M
Hubert Koundé,M
Kajol,F
Takeshi Kaneshiro,M
Laura Dern,F
Pete Postlethwaite,M
Fengyi Zhang,M
Jingwu Ma,M
Robert Sean Leonard,M
River Phoenix,M
Tom Berenger,M
Nastassja Kinski,F
Mahito Tsujimura,M
Wilford Brimley,M
Christine Hargreaves,F
Claudia Cardinale,F
Pernilla Allwin,F
Rutger Hauer,M
John Hurt,M
John Cleese,M
Christopher Walken,M
Talia Shire,F
Marisa Berenson,F
Filipp Yankovskiy,M
Tatum O'Neal,F
Donatas Banionis,M
François Périer,M
George Kennedy,M
Ivan Lapikov,M
Jean Martin,M
Jacqueline Andere,F
Joan Crawford,F
Nikolay Burlyaev,M
Birgitta Valberg,F
Fredric March,M
Albert Rémy,M
Jack Hawkins,M
Misa Uehara,F
Minoru Chiaki,M
Karl Malden,M
Charles Vanel,M
Jan Sterling,F
Virginia Mayo,F
Anton Walbrook,M
Joan Fontaine,F
Jean Arthur,F
Sam Wood,M
Dita Parlo,F
Claudette Colbert,F
Eugene Silvain,M
Merna Kennedy,F
Janet Gaynor,F
Conrad Veidt,M
Neena Gupta,F
Julianne Nicholson,F
Nimrat Kaur,F
Harshaali Malhotra,F
Danny Denzongpa,M
Jessica Chastain,F
Jared Bush,M
Nakul Roshan Sahdev,M
Frantz Turner,M
Yayan Ruhian,M
Vin Diesel,M
Lucy Boynton,F
Irandhir Santos,M
Viola Davis,F
Morena Baccarin,F
Simon Yam,M
Mete Horozoglu,M
Mila Kunis,F
André Ramiro,M
Chiara Mastroianni,F
Jennifer Garner,F
Thandie Newton,F
Djimon Hounsou,M
Edgar Ramírez,M
Hee Jae,M
Robert Rodriguez,M
Mathieu Amalric,M
Özge Özberk,F
Brad Garrett,M
Eva Green,F
Ivan Dobronravov,M
Yeong-su Oh,M
Belén Rueda,F
Renée Zellweger,F
Andy Lau,M
Albert Finney,M
Jun Ji-Hyun,F
Paul Bettany,M
Yilmaz Erdogan,M
Jena Malone,F
Jason Robards,M
Sissy Spacek,F
Rica Matsumoto,F
Henning Moritzen,M
Vinícius de Oliveira,M
Harry Connick Jr.,M
Jan Josef Liefers,M
Dwight Yoakam,M
Brenda Blethyn,F
Madeleine Stowe,F
Iemasa Kayumi,M
Chris Sarandon,M
Jesse Borrego,M
Chris O'Donnell,M
Scott Weinger,M
Paige O'Hara,F
Mary McDonnell,F
Ossie Davis,M
Nozomu Sasaki,M
Mandy Patinkin,M
Solveig Dommartin,F
Raphael Fejtö,M
Keiko Yokozawa,F
John Gielgud,M
Tsutomu Yamazaki,M
Diane Keaton,F
Robert Shaw,M
John Cazale,M
Madeline Kahn,F
Norma Crane,F
Stefania Sandrelli,F
John Cassavetes,M
Roddy McDowall,M
Anne Bancroft,F
Christopher Plummer,M
Julie Christie,F
Gian Maria Volontè,M
Anouk Aimée,F
Sady Rebbot,M
Jackie Gleason,M
Anita Ekberg,F
Dean Martin,M
Lee Remick,F
Coleen Gray,F
Shelley Winters,F
Véra Clouzot,F
Don Taylor,M
Gloria Grahame,F
John Dall,M
Jane Greer,F
Trevor Howard,M
Dana Andrews,M
Priscilla Lane,F
Mary Astor,F
Jane Darwell,F
Mervyn LeRoy,M
Nora Gregor,F
Louis Wolheim,M
Vladimir Barskiy,M
Sanjana Sanghi,F
Sakura Andô,F
Timothée Chalamet,M
Dave Johns,M
Koyu Rankin,M
Julian Dennison,M
Aidan Gillen,M
Tom Hiddleston,M
Rene Russo,F
Thomasin McKenzie,F
Jeremy Renner,M
John Boyega,M
Niels Arestrup,M
Lina Leandersson,F
David James,M
Marisa Tomei,F
Kareena Kapoor,F
Patricia Arquette,F
Laura Vasiliu,F
Zachary Quinto,M
Tony Todd,M
Kazunari Ninomiya,M
Catinca Untaru,F
Meryl Streep,F
Marc-André Grondin,M
François Berléand,M
Gwyneth Paltrow,F
Nick Frost,M
Sibel Kekilli,F
Javier Cámara,M
Rene Bitorajac,M
Hiroyuki Okiura,M
Gastón Pauls,M
Clive Owen,M
Patrick Fugit,M
Laura Harring,F
Issey Takahashi,M
Temuera Morrison,M
Emi Shinohara,F
Brenda Fricker,F
Dianne Wiest,F
Kim Greist,F
Michael McKean,M
Melinda Dillon,F
Dan Aykroyd,M
Jessica Lange,F
Ken Foree,M
Horacio Salinas,M
Bruno Zanin,M
Delphine Seyrig,F
Ruy Guerra,M
Bud Cort,M
Ernest Borgnine,M
Judith O'Dea,F
Laurence Harvey,M
Monica Vitti,F
Eiji Okada,M
Jeffrey Hunter,M
Raymond Massey,M
Robert Walker,M
Maureen O'Hara,F
Lauren Bacall,F
Jane Wyman,F
Rosalind Russell,F
Errol Flynn,M
Fay Wray,F
Leila Hyams,F
Alexander Granach,M
Charlie Hunnam,M
Olivia Cooke,F
Taraneh Alidoosti,F
Barry Keoghan,M
Anna Foglietta,F
Octavia Spencer,F
Hugh Grant,M
Art Parkinson,M
Kiara Advani,F
Michelle Williams,F
Louis Hofmann,M
Diego Luna,M
Douglas Booth,M
Imelda Staunton,F
Carlo Verdone,M
Yami Gautam,F
Ryan Potter,M
Rachel McAdams,F
Adil Hussain,M
Hidetoshi Nishijima,M
Jim Sturgess,M
Kara Hayward,F
Steve Carell,M
Yoshino Kimura,F
Rooney Mara,F
Barkhad Abdi,M
Sae-ron Kim,F
Corey Hawkins,M
Ernst Jacobi,M
Noomi Rapace,F
Alex Sharp,M
Maggie Grace,F
Markéta Irglová,F
Nurgül Yesilçay,F
Carey Mulligan,F
Zoe Saldana,F
Sarah Polley,F
Raoul Max Trujillo,M
Matthew Macfadyen,M
Diane Ladd,F
Tôru Emori,M
Gina Torres,F
Reese Witherspoon,F
Henrik Lundström,M
Rodrigo De la Serna,M
Artyom Bogucharskiy,M
Jean-Claude Donda,M
Trevor Jack Brooks,M
Will Patton,M
Michelle Yeoh,F
Marisa Paredes,F
Helen Hunt,F
Sean Patrick Flanery,M
Chris Cooper,M
Mike Myers,M
Kayoko Kishimoto,F
Deborah Kara Unger,F
Stellan Skarsgård,M
Mike Vitar,M
Lesley Sharp,F
Chazz Palminteri,M
Frank Paur,M
Wladyslaw Kowalski,M
Laurence Fishburne,M
Minami Takayama,F
Danny Lee,M
Carl Weathers,M
Sarah Berry,F
Alan Ruck,M
John Lurie,M
Whoopi Goldberg,F
Judd Nelson,M
Haing S. Ngor,M
Scott Glenn,M
Jerry Lewis,M
Drew Barrymore,F
Brooke Adams,F
Sondra Locke,F
Jennifer Drake,F
Terence Alexander,M
Michael York,M
Jack Albertson,M
Alan Arkin,M
Rex Harrison,M
Dick Van Dyke,M
Gerd Oswald,M
Oskar Werner,M
Peter Wyngarde,M
Jean Seberg,F
Edward G. Robinson,M
Claire Trevor,F
Michael Redgrave,M
Elsa Lanchester,F
Harpo Marx,M
Paul Muni,M
Mae Clarke,F
Marina de Tavira,F
Alec Secareanu,M
Allison Williams,F
Henry Cavill,M
Bahar Pars,F
Jemaine Clement,M
Sara Takatsuki,F
Taron Egerton,M
RJ Cyler,M
Adèle Exarchopoulos,F
Johan Heldenbergh,M
Nargis Fakhri,F
Will Forte,M
Jack McBrayer,M
Mackenzie Foy,F
Christina Hendricks,F
Emmanuel Affadzi,M
Michael Fassbender,M
Jennifer Lawrence,F
Michael Sheen,M
Colm Feore,M
Callan McAuliffe,M
Takuya Ishida,M
Ken'ichi Matsuyama,M
Stephen Graham,M
Sidse Babett Knudsen,F
Forest Whitaker,M
Benno Fürmann,M
Samantha Morton,F
Mandy Moore,F
Sebastian Koch,M
Wah Yuen,M
Jennifer Jason Leigh,F
Regina King,F
Teri Hatcher,F
Dorothy Duffy,F
Katrin Saß,F
Tyler Hoechlin,M
Christian Berkel,M
Julie Walters,F
Miriam Shor,F
John Rafter Lee,M
Matt Stone,M
Jennifer Aniston,F
Jon Lovitz,M
Penélope Cruz,F
Cameron Diaz,F
Milla Jovovich,F
Jacques Villeret,M
Armin Mueller-Stahl,M
Laura Linney,F
Eleanor Bron,F
Michelle Reis,F
Jeff Anderson,M
Kermit the Frog,M
Angela Bassett,F
Tokiko Katô,F
Jessica Tandy,F
John Turturro,M
Gene Bervoets,M
Paul McGann,M
Joan Chen,F
John Malkovich,M
Kyle MacLachlan,M
Jeff Daniels,M
Rosanna Arquette,F
Charlotte Rampling,F
Leonard Nimoy,M
Brian Dennehy,M
Mary Tyler Moore,F
Jerry Zucker,M
Eiko Masuyama,F
Jamie Lee Curtis,F
Isabelle Adjani,F
John Randolph,M
John Saxon,M
Burt Reynolds,M
Andrew Robinson,M
Jean Sorel,M
Wendy Hiller,F
Ian Hendry,M
Gert Fröbe,M
Tippi Hedren,F
Anna Massey,F
Alida Valli,F
Dana Wynter,F
Natalie Wood,F
Patricia Neal,F
Glenn Ford,M
Ford Beebe Jr.,M
Gloria Stuart,F
Debra Messing,F
Aleksey Rozin,M
Bria Vinaite,F
Mckenna Grace,F
Zack Gottsagen,M
Frederick Lau,M
Doga Zeynep Doguslu,F
Jon Bernthal,M
Mark Rylance,M
Holly Hunter,F
Don Hall,M
Elena Lyadova,F
Ben Foster,M
Steve Coogan,M
Keri Russell,F
Hugo Silva,M
Ananda George,M
Michael Peña,M
Mirai Shida,F
Trine Dyrholm,F
Seth Rogen,M
Alberto Ammann,M
Elena Anaya,F
Haaz Sleiman,M
Rosario Dawson,F
Claire Danes,F
Evan McGuire,M
Sylvie Testud,F
Li Sun,F
Jessica Biel,F
Gary Stretch,M
Lena Headey,F
Jonathan Rhys Meyers,M
Patrick Wilson,M
Leigh Whannell,M
Gaspard Ulliel,M
Patricia Clarkson,F
Benicio Del Toro,M
Shin Ha-kyun,M
Barry Pepper,M
Ashton Kutcher,M
Naomie Harris,F
Aki Maeda,F
Rupert Grint,M
Christopher Eccleston,M
Vicellous Shannon,M
Justin Theroux,M
Ming-Na Wen,F
Kiefer Sutherland,M
Kevin Bacon,M
Jeremy Irons,M
Gary Farmer,M
Bill Paxton,M
Robert Duvall,M
Wiley Wiggins,M
Toshirô Yanagiba,M
Marie-Laure Dougnac,F
Meg Ryan,F
Jodi Benson,F
Priscilla Presley,F
John Candy,M
John Getz,M
Bruce Spence,M
James Remar,M
Frank Oz,M
Patrick McGoohan,M
Irene Miracle,F
François Truffaut,M
Nina van Pallandt,F
James Coburn,M
Telly Savalas,M
Sebastian Cabot,M
Vanessa Redgrave,F
Paul McCartney,M
George Peppard,M
Rock Hudson,M
Montgomery Clift,M
John Hodiak,M
Madeleine Carroll,F
Bob Gunton,M
Aaron Eckhart,M
Martin Balsam,M
Elliot Page,M
Meat Loaf,M
Orlando Bloom,M
Gary Sinise,M
Carrie Fisher,F
Michael Berryman,M
Leslie Odom Jr.,M
Cho Yeo-jeong,F
Leandro Firmino,M
Tom Sizemore,M
David Morse,M
Giorgio Cantarini,M
Lawrence A. Bonney,M
Shima Iwashita,F
Keiko Tsushima,F
Lionel Barrymore,M
Zazie Beetz,F
Melissa Benoist,F
Omar Sy,M
Frank Finlay,M
Connie Nielsen,F
Beverly D'Angelo,F
Antonella Attili,F
Akemi Yamaguchi,F
Lea Thompson,F
Vera Miles,F
Paul Henreid,M
Henry Bergman,M
Florence Lee,F
Boluwatife Treasure Bankole,F
Ismail Hacioglu,M
Vijay Sethupathi,M
Ryô Narita,M
Fatima Sana Shaikh,F
Shameik Moore,M
Mona Singh,F
Jeff Garlin,M
Kang Hye-jeong,F
Joe Pantoliano,M
Yûko Tanaka,F
Elizabeth McGovern,F
Paul Freeman,M
Danny Lloyd,M
Sumita Sanyal,F
Charles Laughton,M
Adolphe Menjou,M
Wendell Corey,M
Erich von Stroheim,M
Jack Oakie,M
Daniel Mays,M
Sohum Shah,M
Radhika Apte,F
Asha Sharath,F
Annika Wedderkopp,F
Sareh Bayat,F
Maxim Gaudette,M
Deniz Baysal,F
Hümeyra,F
Eli Roth,M
Tom Wilkinson,M
Rufus,M
Jennifer Connelly,F
Thora Birch,F
Bahare Seddiqi,F
Don Rickles,M
Michael Madsen,M
Vincent D'Onofrio,M
Liubomiras Laucevicius,M
Carrie Henn,F
Elizabeth Berridge,F
Steven Bauer,M
Klaus Wennemann,M
Cybill Shepherd,F
Michael Bates,M
William Sylvester,M
James Mason,M
Barbara Bel Geddes,F
Donald O'Connor,M
Shin'ichi Himori,M
Lianella Carell,F
Dorothy Comingore,F
Inge Landgut,F
Gustav Fröhlich,M
Jackie Coogan,M
Varun Sharma,M
Mohit Raina,M
Ramachandra Raju,M
Linda Cardellini,F
Neeraj Kabi,M
Anushka Shetty,F
Lisa Haydon,F
Giorgi Nakashidze,M
Pawan Malhotra,M
Nawazuddin Siddiqui,M
Manjot Singh,M
Rajesh Abhay,M
Pablo Rago,M
Joel Edgerton,M
Jordan Nagai,M
Margot Robbie,F
Sagarika Ghatge,F
Ciarán Hinds,M
Sergi López,M
Joan Cusack,F
Rupert Graves,M
Siddharth,M
Shernaz Patel,F
Kishori Ballal,F
Ulrich Matthes,M
Tatsuya Gashûin,M
Nick Moran,M
Sermin Hürmeriç,F
Val Kilmer,M
Raveena Tandon,F
Alison Doody,F
Ljubica Adzovic,F
Chika Sakamoto,F
Bonnie Bedelia,F
Jinpachi Nezu,M
Lena Nyman,F
Michael Ansara,M
Richard Attenborough,M
Frank Overton,M
Richard Widmark,M
Ingrid Thulin,F
Bengt Ekerot,M
Robert Manuel,M
Robert Cummings,M
Sô Yamamura,M
Masayuki Mori,M
George Sanders,M
Tim Holt,M
Robert Stack,M
Tom Murray,M
Joe Keaton,M
Luàna Bajrami,F
Kirti Kulhari,F
Aoi Yûki,F
Cho Jin-woong,M
Suzanne Clément,F
Dafne Keen,F
Sean Bridgers,M
Mónica Villa,F
Tina Fey,F
Demet Akbag,F
Mithun Chakraborty,M
Neil Patrick Harris,M
Haru Kuroki,F
Luke Bracey,M
Bill Hader,M
Ileana D'Cruz,F
Olivia Wilde,F
Lisa Hannigan,F
Indraneil Sengupta,M
Nicholas Hoult,M
Jimmy Sheirgill,M
Christopher Carley,M
Cary-Hiroyuki Tagawa,M
Eric Bana,M
Catherine Keener,F
Eun-ju Lee,F
Vernon Dobtcheff,M
Gracy Singh,F
Roe-ha Kim,M
Akshaye Khanna,M
Daryl Hannah,F
Ellen DeGeneres,F
Goya Toledo,F
Mélanie Thierry,F
Branka Katic,F
John Goodman,M
Ping Lam Siu,F
Jonny Lee Miller,M
Mirjana Jokovic,F
Saïd Taghmaoui,M
Amrish Puri,M
Andrea Eckert,F
Frédérique Feder,F
Jeff Goldblum,M
Alison Crosbie,F
Saifei He,F
Corey Feldman,M
Dean Stockwell,M
Hisako Kyôda,F
Keith David,M
James Laurenson,M
José Lewgoy,M
Kristina Adolphson,F
Sean Young,F
Michael Palin,M
Burt Young,M
Peter Finch,M
Ignat Daniltsev,M
John Huston,M
Kari Sylwan,F
Jüri Järvet,M
Nathalie Delon,F
Strother Martin,M
Margaretha Krook,F
Nikolay Grinko,M
Yacef Saadi,M
Enrique Rambal,M
Victor Buono,M
Keiju Kobayashi,M
Valentin Zubkov,M
Gunnel Lindblom,F
Claire Maurier,F
Stephen Boyd,M
Franca Marzi,F
Isuzu Yamada,F
Peter van Eyck,M
Robert Arthur,M
Edmond O'Brien,M
Marius Goring,M
Frank Morgan,M
Pierre Fresnay,M
Walter Connolly,M
André Berley,M
Al Ernest Garcia,M
Margaret Livingston,F
Marion Mack,F
Friedrich Feher,M
Gajraj Rao,M
Christopher Heyerdahl,M
Kumud Mishra,M
Rosemarie DeWitt,F
Kristen Wiig,F
Ginnifer Goodwin,F
Ramya Krishnan,F
Mary Steenburgen,F
Izabela Vidovic,F
Ranveer Singh,M
John Gallagher Jr.,M
Arifin Putra,M
Matthew Goode,M
Ana de Armas,F
Gwilym Lee,M
Will Poulter,M
Ezra Miller,M
Helena Bonham Carter,F
T.J. Miller,M
Kalki Koechlin,F
Siu-Wong Fan,M
Sheetal Menon,F
Ilker Kizmaz,M
Freida Pinto,F
Caio Junqueira,M
Jaden Smith,M
Hyuk-ho Kwon,M
Emmanuelle Seigner,F
Ozan Güven,M
Lou Romano,M
Konstantin Lavronenko,M
Jong-ho Kim,M
Lola Dueñas,F
Craig Bierko,M
In-mun Kim,M
Jane Galloway Heitz,F
Shinpachi Tsuji,M
Marília Pêra,F
Thierry van Werveke,M
J.T. Walsh,M
Phyllis Logan,F
Akio Ôtsuka,M
Catherine O'Hara,F
Chris Elliott,M
Benjamin Bratt,M
James Rebhorn,M
Robby Benson,M
Graham Greene,M
Ruby Dee,F
Valeria Golino,F
Mami Koyama,F
Otto Sander,M
Francine Racette,F
Kotoe Hatsui,F
Rohini Hattangadi,F
Ken'ichi Hagiwara,M
Melvyn Douglas,M
Tony Roberts,M
Penelope Allen,F
Marty Feldman,M
Victor Jory,M
Linda Blair,F
Alec Cawthorne,M
Leonard Frey,M
Gastone Moschin,M
Katharine Ross,F
Kim Hunter,F
George Segal,M
Eleanor Parker,F
Geraldine Chaplin,F
Marianne Koch,F
André S. Labarthe,M
Piper Laurie,F
Ricky Nelson,M
Ben Gazzara,M
Burl Ives,M
Susan Harrison,F
Vince Edwards,M
Lillian Gish,F
Richard Basehart,M
Paul Meurisse,M
Otto Preminger,M
Eddie Albert,M
Frank Lovejoy,M
Valerie Hobson,F
Stanley Holloway,M
Clifton Webb,M
Gladys George,F
John Carradine,M
Norman Taurog,M
Paulette Dubost,F
Maureen O'Sullivan,F
John Wray,M
Grigoriy Aleksandrov,M
Sahil Vaid,M
Kirin Kiki,F
Julia Greer,F
Michael Stuhlbarg,M
Hayley Squires,F
Rima Te Wiata,F
Samantha Isler,F
Maria Doyle Kennedy,F
Oscar Isaac,M
Seamus Davey-Fitzpatrick,M
Taner Birsel,M
Isabelle Huppert,F
Adel Bencherif,M
Dominique McElligott,F
Per Ragnar,M
Jason Cope,M
Evan Rachel Wood,F
Tarun Arora,M
Vlad Ivanov,M
John Billingsley,M
Tsuyoshi Ihara,M
Justine Waddell,F
Danielle Proulx,F
Jean-Baptiste Maunier,M
Terrence Howard,M
Kate Ashfield,F
Güven Kiraç,M
Filip Sovagovic,M
Yoshiyuki Takei,M
Graciela Tenenbaum,F
Kate Hudson,F
Takashi Tachibana,M
Mamaengaroa Kerr-Bell,F
Dennis Hopper,M
Takeshi Aono,M
Penelope Ann Miller,F
Alison Whelan,F
Bill Bernstein,M
Christopher Guest,M
Darren McGavin,M
Cab Calloway,M
Mariel Hemingway,F
Ann Reinking,F
Scott H. Reiniger,M
Jack Warden,M
Zamira Saunders,F
Pupella Maggio,F
Paul Frankeur,M
Helena Rojo,F
Vivian Pickles,F
Stephen Young,M
Robert Ryan,M
Karl Hardman,M
Warren Oates,M
Jean Simmons,F
Lea Massari,F
Stella Dassas,F
Julie Harris,F
Thomas Mitchell,M
Ruth Roman,F
William H. Lynn,M
John Payne,M
John Ridgely,M
Phillip Terry,M
Ralph Bellamy,M
Olivia de Havilland,F
Chico Marx,M
Robert Armstrong,M
Olga Baclanova,F
Gustav von Wangenheim,M
Michelle Dockery,F
Rajit Kapoor,M
Paul Raci,M
Babak Karimi,M
Marco Giallini,M
Janelle Monáe,F
Hugh Bonneville,M
Kyle Chandler,M
Joel Basman,M
Alan Tudyk,M
Florence Pugh,F
Jerome Flynn,M
Dominic West,M
Ali Mosaffa,M
Sabrina Ferilli,F
Annu Kapoor,M
Scott Adsit,M
Mehdi Nebbou,M
Miori Takimoto,F
Annie Potts,F
Sylvia Hoeks,F
Masaki Okada,M
Jeon Gook-Hwan,M
Barkhad Abdirahman,M
Tae-hoon Kim,M
Jason Mitchell,M
Jin Goo,M
Yeong-hie Seo,F
Richard Armitage,M
Leonie Benesch,F
Ewa Fröling,F
Sacha Baron Cohen,M
Magnus Millang,M
Famke Janssen,F
Rupert Friend,M
Hugh Walsh,M
Tuncel Kurtiz,M
Dalia Hernández,F
Tilda Swinton,F
Nicolas Bro,M
Iain Rea,M
Yoshiaki Umegaki,M
Gustaf Skarsgård,M
Mía Maestro,F
Pavel Ponomaryov,M
Michel Robin,M
Christopher Adamson,M
Lorelei Linklater,F
Wood Harris,M
Ziyi Zhang,F
Candela Peña,F
Paul Sanchez,M
Norman Reedus,M
Eddie Murphy,M
Billy Zane,M
Ren Osugi,M
Katrin Cartlidge,F
Sarah Jessica Parker,F
Juliette Lewis,F
Art LaFleur,M
John Haycraft,M
Sela Ward,F
Lillo Brancato,M
Dan Riba,M
Teresa Mo,F
Lisanne Falk,F
Halina Gryglaszewska,F
Hudhail Al-Amir,M
Julie Kavner,F
Rei Sakuma,F
Sally Yeh,F
Kevin Peter Hall,M
Dan Hicks,M
Mia Sara,F
Jeff Cohen,M
Oprah Winfrey,F
Molly Ringwald,F
Diahnne Abbott,F
Peter Coyote,M
Jane Alexander,F
Chief Dan George,M
Allen Garfield,M
Eric Baugin,M
Michel Auclair,M
Helmut Griem,M
Peter Ostrum,M
Sylvia Miles,F
Richard Crenna,M
Michael J. Pollard,M
David Tomlinson,M
Bernhard Wicki,M
Henri Serre,M
Megs Jenkins,F
Daniel Boulanger,M
Walter Brennan,M
Macdonald Carey,M
Andy Devine,M
Paul Lukas,M
Charles Ruggles,M
Ann Dvorak,F
Diego Cortina Autrey,M
Gemma Jones,F
Julia Jones,F
Bradley Whitford,M
Ving Rhames,M
Filip Berg,M
Kasumi Arimura,F
Tom Prior,M
Nat Wolff,M
Salim Kechiouche,M
Nell Cattrysse,F
Shammi Kapoor,M
June Squibb,F
Jane Lynch,F
Marcia Gay Harden,F
Will Ferrell,M
Ricky Adelayitor,M
Justin Timberlake,M
Justin Bartha,M
Geoffrey Arend,M
Katsunosuke Hori,M
Amy Ryan,F
Rebecca De Mornay,F
Mitsutaka Itakura,M
Asaka Seto,F
Jo Hartley,F
Gillian Anderson,F
Craig Parkinson,M
Zachary Levi,M
Thom Hoffman,M
Qiu Yuen,F
Aitana Sánchez-Gijón,F
Kerry Washington,F
Giovanni Ribisi,M
John Hodgman,M
Billy Connolly,M
Nora-Jane Noone,F
Chulpan Khamatova,F
Rob Maxey,M
Oliver Stokowski,M
Jean Heywood,F
Stephen Trask,M
Julia Roberts,F
Pamela Adlon,F
Mary Kay Bergman,F
David Herman,M
Olivia Williams,F
Chete Lera,M
Greg Kinnear,M
Francis Huster,M
Justin Braine,M
Derek Jacobi,M
Liam Cunningham,M
Marilyn Ghigliotti,F
Roberta Maxwell,F
Dave Goelz,M
Delroy Lindo,M
Russell Means,M
Bunshi Katsura Vi,F
Alec Baldwin,M
Demi Moore,F
Mary Stuart Masterson,F
Joanna Cassidy,F
Johanna ter Steege,F
Richard Griffiths,M
Miranda Richardson,F
Helmut Qualtinger,M
Verna Bloom,F
Patrick Horgan,M
DeForest Kelley,M
Judd Hirsch,M
Robert Hays,M
Kiyoshi Kobayashi,M
Tony Moran,M
Georges Adet,M
Slim Pickens,M
Jack Kehoe,M
Jim Kelly,M
Ned Beatty,M
Harry Guardino,M
Mary Ure,F
John Fiedler,M
Michel Piccoli,M
John Fraser,M
Ulla Jacobsson,F
Honor Blackman,F
Polly Bergen,F
Moira Shearer,F
Juliette Mayniel,F
Larry Gates,M
Sal Mineo,M
Cecil Parker,M
Barry Fitzgerald,M
Hugh Marlowe,M
Robert Morley,M
George Macready,M
Norman Ferguson,M
William Harrigan,M
Joseph Lee,M
Matvey Novikov,M
Lindsay Duncan,F
Ann Owens,F
Franz Rogowski,M
Tugba Sunguroglu,F
Dave Bautista,M
Jon Hamm,M
Alan Alda,M
Sarah Vowell,F
Tessa Thompson,F
Roman Madyanov,M
Sophie Kennedy Clark,F
Andy Serkis,M
Ray Sahetapy,M
Anna Kendrick,F
Sam Elliott,M
Markus Rygaard,M
Jason Segel,M
Antonio Resines,M
Jan Cornet,M
Max Riemelt,M
Tim McGraw,M
Danai Gurira,F
Sienna Miller,F
Pascal Greggory,M
Yong Dong,M
Paul Giamatti,M
Toby Kebbell,M
David Wenham,M
Carla Gugino,F
Elisabeth Shue,F
Thibault Verhaeghe,M
Bobby Cannavale,M
Bae Doona,F
Amy Smart,F
Tarô Yamamoto,M
Anjelica Huston,F
Daniel Giménez Cacho,M
Richard Harris,M
Fionnula Flanagan,F
Joseph Fiennes,M
Josh Lucas,M
Herbert Knaup,M
Tobey Maguire,M
Arno Frisch,M
John Roselius,M
James Fleet,M
Crispin Glover,M
Annie Corley,F
Janusz Gajos,M
Barbara Hershey,F
Ralph Macchio,M
Dominique Pinon,M
Daniel Stern,M
Andy Garcia,M
Samuel E. Wright,M
O.J. Simpson,M
Laila Robins,F
Gary Busey,M
Jane Fonda,F
Michael Preston,M
Dorsey Wright,M
Jerry Nelson,M
Roberts Blossom,M
Richard Briers,M
Bo Hopkins,M
Teri Garr,F
Romolo Valli,M
Louis Prima,M
Sarah Miles,F
George Harrison,M
Walter Slezak,M
Lucie Mannheim,F
William Sadler,M
Caroline Goodall,F
Zach Grenier,M
Sean Bean,M
Sally Field,F
Aldo Giuffrè,M
Lorraine Bracco,F
Billy Dee Williams,M
Peter Brocco,M
Renée Elise Goldsberry,F
Choi Woo-sik,M
Aparna Balamurali,F
Matheus Nachtergaele,M
Rumi Hiiragi,F
Edward Burns,M
Bonnie Hunt,F
Giustino Durano,M
Andrew Kevin Walker,M
Kasi Lemmons,F
Tetsurô Tanba,M
Yukiko Shimazaki,F
Frances Conroy,F
Paul Reiser,M
Anne Le Ny,F
Emilia Fox,F
Oliver Reed,M
Jennifer Lien,F
Stephen Baldwin,M
James Earl Jones,M
Robert Patrick,M
Isa Danieli,F
Yoshiko Shinohara,F
John Gavin,M
Tiny Sandford,M
Harry Myers,M
Kawsar Al Haddad,M
Kyung-jin Lee,F
Shraddha Srinath,F
Sanya Malhotra,F
Jake Johnson,M
Sharman Joshi,M
Tisca Chopra,F
Fred Willard,M
Ulrich Tukur,M
Kim Byeong-Ok,M
Mark Boone Junior,M
Treat Williams,M
John Rhys-Davies,M
Scatman Crothers,M
Frederic Forrest,M
Veronica Cartwright,F
Ramesh Deo,M
Kyôko Kagawa,F
Keenan Wynn,M
Thelma Ritter,F
Nancy Olson,F
Reginald Gardiner,M
Jyoti Malshe,F
Anil Dhawan,M
Ansiba,F
Lasse Fogelstrøm,M
Mustafa Kamel,M
Celile Toyon Uysal,F
Ege Tanman,M
Mélanie Laurent,F
Gerry Robert Byrne,M
Lorella Cravotta,F
Dennis Farina,M
Marlon Wayans,M
Wes Bentley,M
Nafise Jafar-Mohammadi,F
Jim Varney,M
Angus Macfadyen,M
Chris Penn,M
Adam Baldwin,M
Vladas Bagdonas,M
Roy Dotrice,M
Mary Elizabeth Mastrantonio,F
Hubertus Bengsch,M
Charles Durning,M
Warren Clarke,M
Daniel Richter,M
Mara Krupp,F
Ray Walston,M
Jessie Royce Landis,F
Tom Helmore,M
Debbie Reynolds,F
Haruo Tanaka,M
Elena Altieri,F
Byron Barr,M
Agnes Moorehead,F
Otto Wernicke,M
Rudolf Klein-Rogge,M
Carl Miller,M
Prateik,M
Archana Jois,F
Sebastian Maniscalco,M
Caleb Landry Jones,M
Tamannaah Bhatia,F
Rashida Jones,F
Rajat Kapoor,M
Jeffrey Ho,M
Misha Meskhi,M
Art Malik,M
Tigmanshu Dhulia,M
Ram Kapoor,M
Hemendra Dandotiya,M
Carla Quevedo,F
Jennifer Morrison,F
John Ratzenberger,M
Shilpa Shukla,F
Martin Stringer,M
Stephen Rea,M
Ayesha Kapoor,F
Smit Sheth,M
Juliane Köhler,F
Akihiro Miwa,M
Kim Basinger,F
Yesim Salkim,F
Karisma Kapoor,F
Denholm Elliott,M
Husnija Hasimovic,M
Shigesato Itoi,M
Reginald VelJohnson,M
Daisuke Ryû,M
Frank Vincent,M
Halvar Björk,M
Johnny Sekka,M
Amjad Khan,M
Eric Idle,M
Rosemary Murphy,F
Yôko Tsukasa,F
George Raft,M
Nils Poppe,M
Janine Darcey,F
John Williams,M
Setsuko Hara,F
Celeste Holm,F
Bruce Bennett,M
Felix Bressart,M
Erwin Connelly,M
Andrea Tariang,F
Kenshô Ono,M
Bárbara Lennie,F
Moon So-Ri,F
Patrick Huard,M
Kay Kay Menon,M
Boyd Holbrook,M
Wendy Crewson,F
Diego Starosta,M
Graham Norton,M
Ayberk Pekcan,M
Boman Irani,M
Mahesh Manjrekar,M
Tyler Perry,M
Yukito Nishii,M
Teresa Palmer,F
Lewis Black,M
Saurabh Shukla,M
Caitriona Balfe,F
Liev Schreiber,M
Katrina Kaif,F
Melissa Leo,F
Zoë Kravitz,F
Aamir Bashir,M
Ahney Her,F
Michael Gambon,M
Kazuko Yoshiyuki,F
Sarah Roemer,F
Barry Humphries,M
Christopher Mintz-Plasse,M
Xolani Mali,M
Hyeong-jin Kong,M
Louise Lemoine Torrès,F
Sunil Dutt,M
Jae-ho Song,M
Alexander Gould,M
Álvaro Guerrero,M
Yûko Miyamura,F
Rachel Shelley,F
Bill Nunn,M
Noah Emmerich,M
Florijan Ajdini,M
Tung Cho 'Joe' Cheung,M
Kevin McKidd,M
Steve Buscemi,M
Slavko Stimac,M
Abdel Ahmed Ghili,M
Farida Jalal,F
Hanno Pöschl,M
Jean-Pierre Lorit,M
Faye Wong,F
Philip King,M
You Ge,M
Cuifen Cao,F
Josh Charles,M
Jerry O'Connell,M
Aurore Clément,F
Gorô Naya,M
Richard Masur,M
Eleanor David,F
Miguel Ángel Fuentes,M
Börje Ahlstedt,M
Edward James Olmos,M
Terry Gilliam,M
John Savage,M
Hardy Krüger,M
Oleg Yankovskiy,M
Perry Lopez,M
John Hillerman,M
Vladislav Dvorzhetskiy,M
Cathy Rosier,F
J.D. Cannon,M
Nikolay Sergeev,M
Samia Kerbash,F
José Baviera,M
Wesley Addy,M
Yûnosuke Itô,M
Evgeniy Zharikov,M
Birgitta Pettersson,F
Dick York,M
Guy Decomble,M
Haya Harareet,F
Kamatari Fujiwara,M
Dorian Gray,M
Sessue Hayakawa,M
Folco Lulli,M
Porter Hall,M
Margaret Wycherly,F
Joseph Schildkraut,M
Judith Anderson,F
Edward Arnold,M
Roscoe Karns,M
Maurice Schutz,M
Harry Crocker,M
Bodil Rosing,F
Glen Cavender,M
Lil Dagover,F
Richard Dormer,M
Prakash Belawadi,M
Sunny Pawar,M
Kate Mara,F
Jason Bateman,M
Sathyaraj,M
Vijay Raaz,M
Kaitlyn Dever,F
Oka Antara,M
Allen Leech,M
Ben Hardy,M
Paul Rudd,M
Milhem Cortaz,M
Bryce Dallas Howard,F
Ed Skrein,M
Merila Zare'i,F
Dibyendu Bhattacharya,M
Ka Tung Lam,M
Katie A. Keane,F
Baris Bagci,M
Steve Zahn,M
Brian Howe,M
Kagiso Kuypers,M
Julia Stiles,F
Jin-mo Joo,M
Marie-Josée Croze,F
Safak Sezer,F
Patton Oswalt,M
Jeffrey Wright,M
Nataliya Vdovina,F
Kim Young-Min,M
Mabel Rivera,F
Jaya Bachchan,F
Anthony Chau-Sang Wong,M
Jason Lee,M
Song Wok-suk,M
Altan Erkekli,M
Holmes Osborne,M
Peter Stormare,M
Joseph A. Carpenter,M
Masaaki Ôkura,M
Paprika Steen,F
Soia Lira,F
John Ritter,M
Claire Rushbrook,F
Joseph Melito,M
William Hickey,M
Stephen Tobolowsky,M
Enrique Castillo,M
Gabrielle Anwar,F
Linda Larkin,F
Jesse Corti,M
Rodney A. Grant,M
Richard Edson,M
Gerald R. Molen,M
Tesshô Genda,M
Curt Bois,M
Stanislas Carré de Malberg,M
Minori Terada,M
Paul Winfield,M
Roshan Seth,M
Carol Kane,F
Lorraine Gary,F
Sully Boyar,M
Peter Boyle,M
Don Gordon,M
John Matthews,M
Ben Johnson,M
Molly Picon,F
Enzo Tarascio,M
Sidney Blackmer,M
Maurice Evans,M
William Daniels,M
Sandy Dennis,F
Richard Haydn,M
Wolfgang Lukschy,M
Sandra Milo,F
Guylaine Schlumberger,F
Yvonne Furneaux,F
Angie Dickinson,F
Arthur O'Connell,M
Joseph Calleia,M
Jack Carson,M
Martin Milner,M
Jay C. Flippen,M
James Gleason,M
Aldo Silvani,M
Robert Strauss,M
Hartley Power,M
Carl Benton Reid,M
Joan Greenwood,F
Dick Hogan,M
Rhonda Fleming,F
Joyce Carey,F
Vincent Price,M
Charley Grapewin,M
Richard Thorpe,M
Mila Parély,F
Nat Pendleton,M
Arnold Lucy,M
Ivan Bobrov,M
Saswata Chatterjee,M
Mayu Matsuoka,F
Azhy Robertson,M
Amira Casar,F
Sharon Percy,F
Bob Balaban,M
Rachel House,F
Annalise Basso,F
Jack Reynor,M
Ariane Labed,F
Ahmet Mümtaz Taylan,M
James Cromwell,M
Alexandre Tharaud,M
Reda Kateb,M
Rosie Shaw,F
Henrik Dahl,M
Nathalie Boltt,F
Mark Margolis,M
Dara Singh,M
Elijah Smith,M
Alexandru Potocean,M
Elizabeth Berrington,F
Ellen Crawford,F
Ryô Kase,M
Kim Uylenbroek,F
Émile Vallée,M
Kad Merad,M
Lucy Davis,F
Zarah Jane McKenzie,F
Emmy Rossum,F
Leonor Watling,F
Georges Siatidis,M
Beau Billingslea,M
María Mercedes Villagra,F
Jeanne Bates,F
Luis Guzmán,M
Shigeru Muroi,M
Julian Arahanga,M
Benoît Régent,M
Osamu Saka,M
John Leguizamo,M
Anthony Michael Hall,M
Kirsten Sheridan,F
Claire Bloom,F
Charles Martin Smith,M
Katherine Helmond,F
Kimberly Stringer,F
Scott Schwartz,M
Michael Murphy,M
Leland Palmer,F
Gaylen Ross,F
Juan Ferrara,M
Armando Brancia,M
Bulle Ogier,F
Del Negro,M
Cyril Cusack,M
Michael Strong,M
Marilyn Eastman,F
John Castle,M
Lee Grant,F
Angela Lansbury,F
Dominique Blanchar,F
Pierre Barbaud,M
Ward Bond,M
Lloyd Bridges,M
Leo G. Carroll,M
Victoria Horne,F
Gene Lockhart,M
Louis Calhern,M
Martha Vickers,F
Howard Da Silva,M
Ruth Hussey,F
Basil Rathbone,M
Bruce Cabot,M
Roscoe Ates,M
Greta Schröder,F
Jeremy Strong,M
Shishir Sharma,M
Lauren Ridloff,F
Mina Sadati,F
Edoardo Leo,M
Sally Hawkins,F
Diljit Dosanjh,M
Disha Patani,F
Lucas Hedges,M
Mikkel Boe Følsgaard,M
Walton Goggins,M
Eliza Scanlen,F
Robert Gulaczyk,M
Pauline Burlet,F
Carlo Buccirosso,M
Lillete Dubey,F
Dolly Ahluwalia,F
Jamie Chung,F
Lydia Wilson,F
Priya Anand,F
Masahiko Nishimura,M
Tony Hale,M
Craig Ferguson,M
Ho-jin Chun,M
Hee-won Kim,F
Neil Brown Jr.,M
Je-mun Yun,M
Yoo-Jeong Kim,F
Ken Stott,M
Lena Endre,F
Lars Ranthe,M
Leland Orser,M
Zac Mattoon O'Brien,M
Gerard Hendrick,M
Nursel Köse,F
Michelle Rodriguez,F
Linh Dan Pham,F
Rudy Youngblood,M
Julia Ormond,F
Kirron Kher,F
Tessa Mitchell,F
Aya Okamoto,F
Linda Zilliacus,F
Mercedes Morán,F
Lyubov Agapova,F
Monica Viegas,F
Kim Tae-Woo,M
JB Blanc,M
Ryan Hurst,M
Chen Chang,M
Antonia San Juan,F
Lari White,F
David Della Rocco,M
Diane Venora,F
Chris Owen,M
Susumu Terajima,M
Gore Vidal,M
Jean-Marc Barr,M
Patrick Renna,M
Christopher Reeve,M
Greg Cruttwell,M
Francis Capra,M
Eric Radomski,M
Philip Chan,M
Alan Randolph Scott,M
Kalina Jedrusik,F
Lloyd Avery II,M
Frances Sternhagen,F
Ruth Nelson,F
Kappei Yamaguchi,M
Kong Chu,M
Thomas F. Wilson,M
Brad Dourif,M
Elpidia Carrillo,F
Kassie Wesley DePaiva,F
Jeffrey Jones,M
Margaret Avery,F
Ally Sheedy,F
Julian Sands,M
Harold Ramis,M
Dennis Quaid,M
Sandra Bernhard,F
Dee Wallace,F
Justin Henry,M
Linda Manz,F
Bill McKinney,M
Saeed Jaffrey,M
Jean Topart,M
Alan Badel,M
Ramon Bieri,M
Joel Grey,M
Roy Kinnear,M
John McGiver,M
Efrem Zimbalist Jr.,M
Katharine Houghton,F
Wilfrid Hyde-White,M
Glynis Johns,F
Darryl F. Zanuck,M
Vanna Urbino,F
Henri-Jacques Huet,M
Joanne Dru,F
Dolores Moran,F
Henry Travers,M
May Whitty,F
Walter Catlett,M
Zeppo Marx,M
Karen Morley,F
John Boles,M
Carlos Peralta,M
Ian Hart,M
Teo Briones,M
Ida Engvoll,F
Cori Gonzalez-Macuer,M
Nanako Matsushima,F
Sophie Perry,F
Nick Offerman,M
Andrea Riseborough,F
Aurélien Recoing,M
Amrita Puri,F
Geert Van Rampelberg,M
Bob Odenkirk,M
Sarah Silverman,F
Lucy Liu,F
Kurt Fuller,M
Elizabeth Banks,F
Orto Ignatiussen,M
Andrew Adote,M
Ed Helms,M
Jacki Weaver,F
Tomoko Yamaguchi,F
Tôru Furuya,M
Gattlin Griffith,M
Anthony Edwards,M
Ayami Kakiuchi,F
Yû Kashii,F
Andrew Shim,M
Sonoya Mizuno,F
Neeral Mulchandani,M
Natalie Dessay,F
Donna Murphy,F
Halina Reijn,F
Randy Quaid,M
Karina Arroyave,F
Siu-Lung Leung,M
Brian Cox,M
John Sharian,M
Clifton Powell,M
Anna Faris,F
Eric Sykes,M
Radha Mitchell,F
Jennifer Saunders,F
William Atherton,M
Anne-Marie Duff,F
Florian Lukas,M
Sarah Bolger,F
Liam Aiken,M
Wotan Wilke Möhring,M
Jamie Draven,M
Theodore Liscinski,M
Wendee Lee,F
Tim Blake Nelson,M
Matthew Edison,M
Isaac Hayes,M
Ajay Naidu,M
Dylan Baker,M
Seymour Cassel,M
Fele Martínez,M
Ian Holm,M
Daniel Prévost,M
Bruno Kirby,M
Sonia Todd,F
John Mahoney,M
Rusty Schwimmer,F
Charlie Yeung,F
Maria Grazia Cucinotta,F
Lisa Spoonauer,F
Bruce Davison,M
Buzz Kilman,M
Miss Piggy,F
Spike Lee,M
Eric Schweig,M
Tsunehiko Kamijô,M
Mary-Louise Parker,F
Judy Davis,F
Charles Fleischer,M
Gwen Eckhaus,F
Ralph Brown,M
Ruocheng Ying,M
Nigel Havers,M
Elya Baskin,M
Irving Metzman,M
Tommy Chong,M
John Buckwalter,M
James Doohan,M
Timothy Hutton,M
Julie Hagerty,F
Makio Inoue,M
Nancy Kyes,F
Jo Van Fleet,F
Frank Adu,M
Hector Elizondo,M
Harvey Korman,M
Biff McGuire,M
Ahna Capri,F
Ronny Cox,M
Tony Lo Bianco,M
Reni Santoni,M
Patrick Wymark,M
Herb Edelman,M
Geneviève Page,F
Leo McKern,M
James Booth,M
Shirley Eaton,F
Lori Martin,F
Maxine Audley,F
Alexandre Rignault,M
King Donovan,M
Jim Backus,M
Herbert Lom,M
Walter Hampden,M
Sam Jaffe,M
Peter Bull,M
David Hand,M
Michelle La,F
Marina Vasileva,F
Christopher Rivera,M
Charlie Pye Jr.,M
Dakota Johnson,F
Burak Yigit,M
Elit Iscan,F
Eiza González,F
Huck Milner,M
Auli'i Cravalho,F
Phylicia Rashad,F
Vladimir Vdovichenkov,M
Gil Birmingham,M
Mare Winningham,F
Kodi Smit-McPhee,M
Aura Garrido,F
Donny Alamsyah,M
America Ferrera,F
Greg Grunberg,M
Hailee Steinfeld,F
Wil Johnson,M
Russell Brand,M
Garrett M. Brown,M
Manuel Morón,M
Abigail Breslin,F
Jennifer Ulrich,F
Mark Strong,M
Jae Head,M
Hiam Abbass,F
Michael Ealy,M
Josef Altin,M
Mick Lally,M
Michelle Monaghan,F
Yun Qu,F
Stuart Wolfenden,M
Malin Akerman,F
Bridget Moynahan,F
Ken Leung,M
Chase Ellison,M
Joséphine Lebas-Joly,F
Paul Benjamin,M
Danny Huston,M
Ji-Eun Lim,F
Melora Walters,F
Alex Palmer,M
Ben Stiller,M
Ana López Mercado,F
Maggie Smith,F
Alakina Mann,F
Rachel Griffiths,F
Rachel Weisz,F
Bill Sage,M
Nina Petri,F
Kirk Acevedo,M
BD Wong,M
Michael Lee Gogin,M
Frank Giering,M
William Hurt,M
Jason Patric,M
Louis Eppolito,M
Lance Henriksen,M
Victor Slezak,M
Jerzy Stuhr,M
Rachel Ticotin,F
Rory Cochrane,M
Mitchell Whitfield,M
Mayumi Izuka,F
Pascal Benezech,M
John Heard,M
Rene Auberjonois,M
Ricardo Montalban,M
Mitchell Ryan,M
Dan Hedaya,M
Doug McKeon,M
Max Phipps,M
Brian Tyler,M
Richard Hunt,M
Jack Thibeau,M
Ralph Richardson,M
Paolo Bonacelli,M
Mark Rydell,M
Maria Monti,F
Carroll O'Connor,M
Bruce Reitherman,M
Ringo Starr,M
Buddy Ebsen,M
Carroll Baker,F
William Bendix,M
Godfrey Tearle,M
Frank Darabont,M
Francis Ford Coppola,M
Christopher Nolan,M
Sidney Lumet,M
Peter Jackson,M
Steven Spielberg,M
David Fincher,M
Robert Zemeckis,M
Sergio Leone,M
Lana Wachowski,F
Martin Scorsese,M
Irvin Kershner,M
Milos Forman,M
Thomas Kail,M
Bong Joon Ho,M
Sudha Kongara,F
Fernando Meirelles,M
Hayao Miyazaki,M
Jonathan Demme,M
George Lucas,M
Masaki Kobayashi,M
Akira Kurosawa,M
Frank Capra,M
Todd Phillips,M
Damien Chazelle,M
Olivier Nakache,M
Ridley Scott,M
Tony Kaye,M
Bryan Singer,M
Luc Besson,M
Roger Allers,M
James Cameron,M
Giuseppe Tornatore,M
Isao Takahata,M
Alfred Hitchcock,M
Michael Curtiz,M
Nadine Labaki,F
Can Ulkay,M
Gayatri,F
Makoto Shinkai,M
Nitesh Tiwari,M
Bob Persichetti,M
Anthony Russo,M
Rajkumar Hirani,M
Andrew Stanton,M
Florian Henckel von Donnersmarck,M
Chan-wook Park,M
Stanley Kubrick,M
Hrishikesh Mukherjee,M
Billy Wilder,M
Sam Mendes,M
Rahi Anil Barve,M
Sriram Raghavan,M
Jeethu Joseph,M
Thomas Vinterberg,M
Asghar Farhadi,M
Denis Villeneuve,M
Mehmet Ada Öztekin,M
Çagan Irmak,M
Michel Gondry,M
Guy Ritchie,M
Darren Aronofsky,M
Gus Van Sant,M
Majid Majidi,M
John Lasseter,M
Elem Klimov,M
Brian De Palma,M
Richard Marquand,M
Wolfgang Petersen,M
George Roy Hill,M
David Lean,M
Stanley Donen,M
Vittorio De Sica,M
Fritz Lang,M
Aditya Dhar,M
Prashanth Neel,M
Peter Farrelly,M
Martin McDonagh,M
Meghna Gulzar,F
S.S. Rajamouli,M
Sergio Pablos,M
Nishikant Kamat,M
Vikas Bahl,M
Zaza Urushadze,M
Rakeysh Omprakash Mehra,M
Anurag Kashyap,M
Vikramaditya Motwane,M
Juan José Campanella,M
Gavin O'Connor,M
Pete Docter,M
Shimit Amin,M
Paul Thomas Anderson,M
Guillermo del Toro,M
James McTeigue,M
Sanjay Leela Bhansali,M
Ashutosh Gowariker,M
Oliver Hirschbiegel,M
Ron Howard,M
Priyadarshan,M
Curtis Hanson,M
Yavuz Turgul,M
Michael Mann,M
Rajkumar Santoshi,M
Emir Kusturica,M
John McTiernan,M
Andrei Tarkovsky,M
Ingmar Bergman,M
Moustapha Akkad,M
Ramesh Sippy,M
John Sturges,M
Robert Mulligan,M
Stanley Kramer,M
Jules Dassin,M
Yasujirô Ozu,M
Joseph L. Mankiewicz,M
Ernst Lubitsch,M
Céline Sciamma,F
Aniruddha Roy Chowdhury,M
Naoko Yamada,F
Oriol Paulo,M
Xavier Dolan,M
Vishal Bhardwaj,M
James Mangold,M
Lenny Abrahamson,M
Damián Szifron,M
Nuri Bilge Ceylan,M
Umesh Shukla,M
Wes Anderson,M
Mamoru Hosoda,M
Anurag Basu,M
Tom McCarthy,M
Tomm Moore,M
Sujoy Ghosh,M
Zoya Akhtar,F
George Miller,M
Neeraj Pandey,M
David Yates,M
Yôjirô Takita,M
Lasse Hallström,M
Adam Elliot,M
Dean DeBlois,M
Terry George,M
Je-kyu Kang,M
Richard Linklater,M
Alejandro G. Iñárritu,M
M. Night Shyamalan,M
Peter Weir,M
Kar-Wai Wong,M
Danny Boyle,M
Aditya Chopra,M
Krzysztof Kieslowski,M
Jim Sheridan,M
Kaige Chen,M
Yimou Zhang,M
Oliver Stone,M
Wim Wenders,M
John Carpenter,M
Alan Parker,M
Werner Herzog,M
David Lynch,M
Michael Cimino,M
John G. Avildsen,M
Peter Bogdanovich,M
Jean-Pierre Melville,M
Stuart Rosenberg,M
Gillo Pontecorvo,M
Luis Buñuel,M
Robert Aldrich,M
John Ford,M
William Wyler,M
Federico Fellini,M
Elia Kazan,M
Henri-Georges Clouzot,M
Raoul Walsh,M
Carol Reed,M
Michael Powell,M
Victor Fleming,M
Jean Renoir,M
Carl Theodor Dreyer,M
F.W. Murnau,M
Clyde Bruckman,M
Robert Wiene,M
Amit Ravindernath Sharma,M
Ericson Core,M
Raja Menon,M
Kabir Khan,M
Garth Davis,M
Stephen Chbosky,M
Destin Daniel Cretton,M
Gareth Evans,M
Morten Tyldum,M
James Gunn,M
Spike Jonze,M
José Padilha,M
Tom Hooper,M
Tate Taylor,M
Tim Miller,M
Wilson Yip,M
Karan Johar,M
Levent Semerci,M
Joss Whedon,M
Vincent Paronnaud,M
Jean-Marc Vallée,M
Gabriele Muccino,M
Edward Zwick,M
Paul Greengrass,M
Frank Miller,M
Julian Schnabel,M
Brad Bird,M
Martin Campbell,M
Andrey Zvyagintsev,M
Alejandro Amenábar,M
Nikkhil Advani,M
Andrew Lau,M
Gore Verbinski,M
Tim Burton,M
Jae-young Kwak,M
Lars von Trier,M
Richard Kelly,M
Satoshi Kon,M
Walter Salles,M
Thomas Jahn,M
Mike Leigh,M
Mamoru Oshii,M
Henry Selick,M
Taylor Hackford,M
Martin Brest,M
Ron Clements,M
Gary Trousdale,M
Barry Levinson,M
Katsuhiro Ôtomo,M
Louis Malle,M
Hal Ashby,M
Mel Brooks,M
Franklin J. Schaffner,M
William Friedkin,M
Norman Jewison,M
Bernardo Bertolucci,M
Mike Nichols,M
Robert Wise,M
Jean-Luc Godard,M
Robert Rossen,M
Howard Hawks,M
Richard Brooks,M
Alexander Mackendrick,M
Nicholas Ray,M
Robert Hamer,M
Jacques Tourneur,M
W.S. Van Dyke,M
Lewis Milestone,M
Sergei M. Eisenstein,M
Rian Johnson,M
Mukesh Chhabra,M
Hirokazu Koreeda,M
Noah Baumbach,M
Luca Guadagnino,M
Ken Loach,M
Matt Ross,M
John Carney,M
Dan Gilroy,M
J.J. Abrams,M
Michel Hazanavicius,M
Doug Liman,M
Michael Haneke,M
Jacques Audiard,M
Duncan Jones,M
Tomas Alfredson,M
Neill Blomkamp,M
Imtiaz Ali,M
Cristian Mungiu,M
Richard Schenkman,M
Tarsem Singh,M
Ang Lee,M
Christophe Barratier,M
Jon Favreau,M
Edgar Wright,M
Fatih Akin,M
Alfonso Cuarón,M
Pedro Almodóvar,M
Danis Tanovic,M
Shin'ichirô Watanabe,M
Fabián Bielinsky,M
Cameron Crowe,M
Yoshifumi Kondô,M
Lee Tamahori,M
Tony Scott,M
Yoshiaki Kawajiri,M
Bob Clark,M
John Landis,M
Bob Fosse,M
George A. Romero,M
Alan J. Pakula,M
Sam Peckinpah,M
Anthony Harvey,M
John Frankenheimer,M
Michelangelo Antonioni,M
Alain Resnais,M
Cecil B. DeMille,M
Fred Zinnemann,M
Henry Koster,M
George Seaton,M
Merian C. Cooper,M
Tod Browning,M
Darius Marder,M
Paolo Genovese,M
Theodore Melfi,M
Paul King,M
Abhishek Chaubey,M
Travis Knight,M
Kenneth Lonergan,M
Martin Zandvliet,M
Gareth Edwards,M
Greta Gerwig,F
Dorota Kobiela,F
Matthew Warchus,M
Paolo Sorrentino,M
Ritesh Batra,M
Shoojit Sircar,M
Richard Curtis,M
Gauri Shinde,F
Josh Cooley,M
Adam McKay,M
Tetsuya Nakashima,M
Jee-woon Kim,M
Jeong-beom Lee,M
F. Gary Gray,M
Hong-jin Na,M
Niels Arden Oplev,M
Aaron Sorkin,M
David O. Russell,M
Pierre Morel,M
Mark Herman,M
Joe Wright,M
Nicolas Winding Refn,M
Jaco Van Dormael,M
Jonathan Dayton,M
Yash Chopra,M
Anders Thomas Jensen,M
Roger Donaldson,M
Mikael Håfström,M
Nick Cassavetes,M
Lukas Moodysson,M
Sylvain Chomet,M
Kevin Reynolds,M
Boaz Yakin,M
Troy Duffy,M
Joe Johnston,M
Andrew Adamson,M
Andrew Niccol,M
George P. Cosmatos,M
David Mickey Evans,M
James Ivory,M
Andrew Davis,M
Kevin Altieri,M
John Woo,M
Jim Jarmusch,M
John Singleton,M
Penny Marshall,F
Sam Raimi,M
John Hughes,M
Richard Donner,M
Roland Joffé,M
Ivan Reitman,M
Philip Kaufman,M
Robert Benton,M
Terrence Malick,M
René Laloux,M
Mel Stuart,M
John Schlesinger,M
Terence Young,M
Arthur Penn,M
Robert Stevenson,M
Ken Annakin,M
Jack Clayton,M
James Whale,M
Leo McCarey,M
Francis Lee,M
David Leitch,M
Taylor Sheridan,M
Jordan Peele,M
Christopher McQuarrie,M
Hannes Holm,M
James Simone,M
James Marsh,M
Matthew Vaughn,M
Josh Boone,M
Alfonso Gomez-Rejon,M
Abdellatif Kechiche,M
Abhishek Kapoor,M
Felix van Groeningen,M
Alexander Payne,M
Mark Osborne,M
Christopher Miller,M
Cary Joji Fukunaga,M
Marc Webb,M
Shûsuke Kaneko,M
Shane Meadows,M
Alex Garland,M
Susanne Bier,F
Kevin Macdonald,M
Paul McGuigan,M
Christian Carion,M
Anton Corbijn,M
Nathan Greno,M
Paul Verhoeven,M
Paul Haggis,M
Brad Anderson,M
Sofia Coppola,F
Mike Newell,M
Peter Mullan,M
Wolfgang Becker,M
Jessie Nelson,F
Stephen Daldry,M
Steven Soderbergh,M
Bob Gale,M
Mike Judge,M
Todd Solondz,M
Antoine Fuqua,M
James L. Brooks,M
Francis Veber,M
Scott Hicks,M
Gregory Hoblit,M
Michael Radford,M
Kevin Smith,M
Robert Altman,M
Brian Henson,M
James Foley,M
Jon Avnet,M
George Sluizer,M
Bruce Robinson,M
Jean-Jacques Annaud,M
Nicholas Meyer,M
Ted Kotcheff,M
Jim Abrahams,M
Joseph Sargent,M
Robert Clouse,M
John Boorman,M
Don Siegel,M
Brian G. Hutton,M
Gene Saks,M
Cy Endfield,M
Guy Hamilton,M
J. Lee Thompson,M
Georges Franju,M
Charles Vidor,M
James Algar,M
Todd Haynes,M
Aneesh Chaganty,M
Sean Baker,M
Tyler Nilson,M
Sebastian Schipper,M
Deniz Gamze Ergüven,F
Joseph Kosinski,M
Ryan Coogler,M
David Mackenzie,M
Stephen Frears,M
Matt Reeves,M
David Ayer,M
Pierre Coffin,M
Jonathan Levine,M
Daniel Monzón,M
Bennett Miller,M
Ruben Fleischer,M
Dennis Gansel,M
John Lee Hancock,M
David Cronenberg,M
Olivier Dahan,M
Ronny Yu,M
Neil Burger,M
Zack Snyder,M
James Wan,M
Charlie Kaufman,M
Gregg Araki,M
Yann Samuell,M
Marc Forster,M
Eric Bress,M
Kinji Fukasaku,M
Chris Columbus,M
Ted Demme,M
Mary Harron,F
Tom Tykwer,M
Tony Bancroft,M
Alex Proyas,M
Joel Schumacher,M
Jonathan Lynn,M
Marc Caro,M
Walter Hill,M
James Frawley,M
Martin Rosen,M
Wolfgang Reitherman,M
Richard Lester,M
Blake Edwards,M
George Stevens,M